[
    {
        "label": "Banana",
        "emoji": "🍌",
    },
    {
        "label": "Brócoli",
        "emoji": "🥦",
    },
    {
        "label": "Cebolla",
        "emoji": "🧅",
    },
    {
        "label": "Fresa",
        "emoji": "🍓",
    },
    {
        "label": "Huevo",
        "emoji": "🥚",
    },
    {
        "label": "Limón",
        "emoji": "🍋",
    },
    {
        "label": "Manzana",
        "emoji": "🍏",
    },
    {
        "label": "Pan",
        "emoji": "🥖",
    },
    {
        "label": "Papa",
        "emoji": "🥔",
    },
    {
        "label": "Uvas",
        "emoji": "🍇",
    },
    {
        "label": "Zanahoria",
        "emoji": "🥕",
    },
]
