[
    {
        "label": "Banana",
        "emoji": "🍌",
        "video": "tDuruX7XSac?si=D1p6UeugrACLF9ww"
    },
    {
        "label": "Brócoli",
        "emoji": "🥦",
        "video": "0TD96VTf0X"
    },
    {
        "label": "Cebolla",
        "emoji": "🧅",
        "video": "0TD96VTf0X"
    },
    {
        "label": "Fresa",
        "emoji": "🍓",
        "video": "0TD96VTf0X"
    },
    {
        "label": "Huevo",
        "emoji": "🥚",
        "video": "0TD96VTf0X"
    },
    {
        "label": "Limón",
        "emoji": "🍋",
        "video": "0TD96VTf0X"
    },
    {
        "label": "Manzana",
        "emoji": "🍏",
        "video": "0TD96VTf0X"
    },
    {
        "label": "Pan",
        "emoji": "🥖",
        "video": "0TD96VTf0X"
    },
    {
        "label": "Papa",
        "emoji": "🥔",
        "video": "0TD96VTf0X"
    },
    {
        "label": "Uvas",
        "emoji": "🍇",
        "video": "0TD96VTf0X"
    },
    {
        "label": "Zanahoria",
        "emoji": "🥕",
        "video": "0TD96VTf0X"
    },
]
